{"cameraMode":{"drawMode":0,"name":"Shaded","section":"Shading Mode"},"sceneLighting":true,"audioPlay":false,"sceneViewState":{"m_AlwaysRefresh":false,"showFog":true,"showSkybox":true,"showFlares":true,"showImageEffects":true,"showParticleSystems":true,"showVisualEffectGraphs":true,"m_FxEnabled":true},"in2DMode":false,"pivot":{"x":-1.1253434419631959,"y":0.18304145336151124,"z":1.5844428539276124},"rotation":{"x":0.25281423330307009,"y":-0.3983115553855896,"z":-0.11519577354192734,"w":-0.8742731213569641},"size":0.49687278270721438,"orthographic":false}