{"cameraMode":{"drawMode":0,"name":"Shaded","section":"Shading Mode"},"sceneLighting":true,"audioPlay":false,"sceneViewState":{"m_AlwaysRefresh":false,"showFog":true,"showSkybox":true,"showFlares":true,"showImageEffects":true,"showParticleSystems":true,"showVisualEffectGraphs":true,"m_FxEnabled":true},"in2DMode":false,"pivot":{"x":0.6845204830169678,"y":1.2558010816574097,"z":1.1952221393585206},"rotation":{"x":0.10028054565191269,"y":0.03222810849547386,"z":-0.003269677981734276,"w":0.994457483291626},"size":1.7940789461135865,"orthographic":false}