{"cameraMode":{"drawMode":0,"name":"Shaded","section":"Shading Mode"},"sceneLighting":true,"audioPlay":false,"sceneViewState":{"m_AlwaysRefresh":false,"showFog":true,"showSkybox":true,"showFlares":true,"showImageEffects":true,"showParticleSystems":true,"showVisualEffectGraphs":true,"m_FxEnabled":true},"in2DMode":false,"pivot":{"x":1.2071747779846192,"y":2.1907408237457277,"z":3.5489630699157717},"rotation":{"x":-0.03595148026943207,"y":0.9579585194587708,"z":-0.13841873407363892,"w":-0.2487979680299759},"size":0.6867598295211792,"orthographic":false}