{"cameraMode":{"drawMode":0,"name":"Shaded","section":"Shading Mode"},"sceneLighting":true,"audioPlay":false,"sceneViewState":{"m_AlwaysRefresh":false,"showFog":true,"showSkybox":true,"showFlares":true,"showImageEffects":true,"showParticleSystems":true,"showVisualEffectGraphs":true,"m_FxEnabled":true},"in2DMode":false,"pivot":{"x":0.07207322120666504,"y":-0.042014479637145999,"z":1.2727957963943482},"rotation":{"x":-0.09683728963136673,"y":-0.015232903882861138,"z":0.0014847047859802843,"w":-0.995190441608429},"size":0.7128592133522034,"orthographic":false}